"ratings","feedback_sentiment","category","feedback","order_id"
2,"Negative","Platform(Logistics)","Late delivery","92856"
3,"Negative","Platform(Logistics)","Delivery boy didnt come at doorstep","5A195"
2,"Negative","Merchant (Food Quality)","Stale food","E12C4"
4,"Positive","Overall","Good service","6247A"
4,"Positive","Pricing","Cheap and best","65D48"
2,"Negative","Platform(Logistics)","Late delivery","5CCA6"
2,"Negative","Pricing","High price","3F9F2"
1,"Negative","Platform(App & System)","Difficult to order","2450C"
5,"Positive","Platform(App & System)","Will order again","D1F7A"
4,"Positive","Pricing","Cheap and best","4E88B"
3,"Negative","Merchant (Food Quality)","Stale food","9A690"
5,"Positive","Platform(App & System)","Easy to order","B27CA"
4,"Positive","Overall","Nice","66706"
2,"Negative","Platform(Logistics)","Late delivery","9B266"
2,"Negative","Platform(Logistics)","Late delivery","70941"
2,"Negative","Platform(Logistics)","Delivery boy didnt come at doorstep","11826"
4,"Negative","Pricing","High price","D1234"
5,"Positive","Pricing","Cheap and best","6DBB0"
4,"Positive","Pricing","Cheap and best","31F4C"
3,"Negative","Merchant (Food Quality)","Food not good","2EE7E"
5,"Positive","Platform(App & System)","Will order again","796A4"
3,"Negative","Merchant (Food Quality)","Stale food","92698"
5,"Positive","Pricing","Cheap and best","ADC73"
5,"Positive","Overall","Awesome experience","0C3EA"
1,"Negative","Platform(App & System)","Complicated procedure","9E960"
3,"Negative","Platform(App & System)","Complicated procedure","1B3D6"
4,"Positive","Overall","Nice","9B064"
1,"Negative","Platform(Logistics)","Delivery boy didnt come at doorstep","53D99"
1,"Negative","Platform(App & System)","Difficult to order","1940D"
1,"Negative","Platform(App & System)","Difficult to order","6AD4A"
1,"Negative","Platform(Logistics)","Delivery boy didnt come at doorstep","275E6"
3,"Negative","Platform(App & System)","Coupon applied","BFECC"
1,"Negative","Merchant (Food Quality)","Stale food","1B979"
5,"Negative","Merchant (Food Quality)","Stale food","9E3A8"
1,"Negative","Platform(App & System)","Complicated procedure","F9410"
3,"Negative","Platform(App & System)","Difficult to order","2E660"
2,"Negative","Platform(App & System)","Complicated procedure","C06CB"
3,"Negative","Platform(App & System)","Coupon applied","990A7"
2,"Negative","Merchant (Food Quality)","Food not good","A0684"
2,"Negative","Pricing","High price","C23A0"
3,"Negative","Platform(Logistics)","Delivery boy didnt come at doorstep","6F112"
5,"Positive","Overall","Awesome experience","616B5"
4,"Unclassified","Unclassified","Delicious food","CE9C9"
1,"Negative","Platform(App & System)","Coupon applied","DB1B9"
1,"Negative","Platform(App & System)","Complicated procedure","EC51D"
4,"Positive","Platform(Logistics)","Fast delivery","09F76"
3,"Negative","Merchant (Food Quality)","Food not good","81ACC"
2,"Negative","Platform(Logistics)","Late delivery","4CB6A"
2,"Negative","Platform(Logistics)","Late delivery","708CB"
1,"Negative","Platform(App & System)","Complicated procedure","EA92C"
5,"Positive","Overall","Awesome experience","0D7BC"
3,"Negative","Pricing","High price","99EF5"
2,"Negative","Platform(App & System)","Difficult to order","62467"
2,"Negative","Platform(App & System)","Difficult to order","10FC6"
5,"Positive","Pricing","Worth","DFD1F"
4,"Unclassified","Unclassified","Delicious food","3D672"
4,"Unclassified","Unclassified","Delicious food","C9F7B"
2,"Negative","Platform(App & System)","Coupon applied","7362B"
3,"Negative","Merchant (Food Quality)","Stale food","57AB3"
2,"Negative","Platform(App & System)","Difficult to order","946E8"
2,"Negative","Merchant (Food Quality)","Food not good","C8FA5"
3,"Negative","Platform(Logistics)","Delivery boy didnt come at doorstep","68401"
5,"Positive","Platform(Logistics)","Fast delivery","B07AD"
2,"Negative","Platform(App & System)","Difficult to order","C65FF"
1,"Negative","Pricing","High price","529AF"
4,"Unclassified","Unclassified","Delicious food","3D483"
2,"Negative","Platform(Logistics)","Late delivery","CFB18"
2,"Negative","Platform(App & System)","Complicated procedure","CB014"
1,"Negative","Pricing","High price","6C67B"
2,"Negative","Merchant (Food Quality)","Stale food","2193D"
2,"Negative","Platform(Logistics)","Late delivery","C5C8F"
1,"Negative","Pricing","High price","76FA6"
4,"Positive","Platform(App & System)","Easy to order","A6E59"
1,"Negative","Platform(Logistics)","Delivery boy didnt come at doorstep","FF61A"
3,"Negative","Platform(App & System)","Complicated procedure","E8E9B"
4,"Positive","Pricing","Worth","DA5B0"
1,"Negative","Platform(Logistics)","Delivery boy didnt come at doorstep","C7C8E"
3,"Negative","Platform(App & System)","Complicated procedure","EB6BD"
5,"Positive","Platform(App & System)","Easy to order","9CD87"
2,"Negative","Platform(App & System)","Coupon applied","AEFE3"
5,"Positive","Overall","Awesome experience","AB462"
1,"Negative","Platform(App & System)","Difficult to order","CE28C"
4,"Positive","Overall","Awesome experience","8F173"
4,"Positive","Platform(App & System)","Easy to order","85A37"
4,"Positive","Platform(App & System)","Will order again","B2E43"
3,"Negative","Pricing","High price","B38AF"
2,"Negative","Pricing","High price","CB78D"
3,"Negative","Platform(Logistics)","Late delivery","81B5A"
3,"Negative","Pricing","High price","D26C1"
3,"Negative","Merchant (Food Quality)","Stale food","CA9C3"
2,"Negative","Merchant (Food Quality)","Stale food","3D831"
2,"Negative","Platform(Logistics)","Delivery boy didnt come at doorstep","3510B"
3,"Negative","Platform(Logistics)","Late delivery","0DF8B"
2,"Negative","Platform(Logistics)","Delivery boy didnt come at doorstep","CC5F7"
4,"Positive","Platform(Logistics)","Fast delivery","0753E"
3,"Negative","Platform(App & System)","Coupon applied","35280"
4,"Unclassified","Unclassified","Delicious food","18D4F"
1,"Negative","Platform(App & System)","Complicated procedure","838B1"
3,"Negative","Merchant (Food Quality)","Stale food","BD267"
4,"Positive","Pricing","Worth","A5A91"
5,"Positive","Pricing","Worth","32F7D"
2,"Negative","Platform(App & System)","Complicated procedure","F442F"
2,"Negative","Platform(App & System)","Coupon applied","2F8FB"
5,"Unclassified","Unclassified","Delicious food","1E9B4"
2,"Negative","Pricing","High price","B2239"
5,"Positive","Overall","Nice","4D164"
1,"Negative","Pricing","High price","9D4DB"
3,"Negative","Merchant (Food Quality)","Food not good","58DF2"
2,"Negative","Platform(App & System)","Coupon applied","BCBB8"
2,"Negative","Platform(Logistics)","Delivery boy didnt come at doorstep","FECA1"
2,"Negative","Merchant (Food Quality)","Stale food","FAFE5"
5,"Positive","Overall","Nice","FA5F7"
4,"Positive","Overall","Nice","3650F"
5,"Positive","Pricing","Cheap and best","A571B"
1,"Negative","Platform(Logistics)","Late delivery","F8BEA"
3,"Negative","Platform(Logistics)","Delivery boy didnt come at doorstep","11970"
3,"Negative","Platform(App & System)","Coupon applied","BD185"
4,"Positive","Pricing","Cheap and best","CE51F"
2,"Negative","Platform(Logistics)","Late delivery","CFC74"
5,"Positive","Overall","Awesome experience","4B224"
2,"Negative","Platform(Logistics)","Delivery boy didnt come at doorstep","79A55"
1,"Negative","Pricing","High price","BCD62"
5,"Positive","Platform(Logistics)","Fast delivery","272DA"
4,"Unclassified","Unclassified","Delicious food","46B05"
2,"Negative","Platform(App & System)","Complicated procedure","66EA0"
4,"Negative","Merchant (Food Quality)","Stale food","3AAA6"
2,"Negative","Merchant (Food Quality)","Stale food","F68F5"
3,"Negative","Platform(Logistics)","Delivery boy didnt come at doorstep","55F88"
2,"Negative","Platform(App & System)","Difficult to order","558D6"
2,"Negative","Platform(App & System)","Complicated procedure","EC485"
1,"Negative","Platform(App & System)","Coupon applied","ADA0D"
1,"Negative","Platform(App & System)","Difficult to order","7D93C"
1,"Negative","Platform(App & System)","Difficult to order","A09D9"
2,"Negative","Platform(App & System)","Complicated procedure","FD06B"
3,"Negative","Platform(App & System)","Coupon applied","EF679"
2,"Negative","Platform(Logistics)","Late delivery","A0572"
2,"Negative","Merchant (Food Quality)","Food not good","E1EBB"
2,"Negative","Merchant (Food Quality)","Stale food","4E166"
2,"Negative","Pricing","High price","E4565"
3,"Negative","Platform(App & System)","Coupon applied","C451B"
5,"Positive","Overall","Nice","A3EEF"
2,"Negative","Merchant (Food Quality)","Stale food","56473"
2,"Negative","Platform(App & System)","Coupon applied","068A3"
1,"Negative","Merchant (Food Quality)","Food not good","9F92E"
5,"Positive","Overall","Awesome experience","828FE"
5,"Unclassified","Unclassified","Delicious food","8BFA2"
1,"Negative","Platform(App & System)","Difficult to order","02D35"
5,"Positive","Overall","Awesome experience","68EA8"
2,"Negative","Merchant (Food Quality)","Stale food","EDE6D"
3,"Negative","Platform(App & System)","Difficult to order","F23FD"
4,"Positive","Platform(App & System)","Easy to order","E511F"
2,"Negative","Platform(Logistics)","Delivery boy didnt come at doorstep","33453"
3,"Negative","Platform(App & System)","Coupon applied","535B6"
3,"Negative","Pricing","High price","73910"
2,"Negative","Merchant (Food Quality)","Stale food","1D172"
2,"Negative","Platform(App & System)","Complicated procedure","CD054"
3,"Negative","Merchant (Food Quality)","Food not good","318E8"
5,"Positive","Pricing","Cheap and best","46EA6"
4,"Unclassified","Unclassified","Delicious food","927FD"
1,"Negative","Platform(App & System)","Coupon applied","48A00"
2,"Negative","Platform(App & System)","Difficult to order","9400A"
5,"Positive","Overall","Awesome experience","E1259"
2,"Negative","Pricing","High price","9D9E5"
1,"Negative","Merchant (Food Quality)","Stale food","409F2"
2,"Negative","Platform(Logistics)","Late delivery","4ACAD"
1,"Negative","Merchant (Food Quality)","Stale food","5BEE5"
2,"Negative","Pricing","High price","8C522"
2,"Negative","Platform(Logistics)","Delivery boy didnt come at doorstep","65964"
5,"Negative","Merchant (Food Quality)","Stale food","A1387"
1,"Negative","Merchant (Food Quality)","Stale food","A22FA"
3,"Negative","Pricing","High price","A7DD5"
4,"Positive","Overall","Awesome experience","846B1"
2,"Negative","Platform(Logistics)","Delivery boy didnt come at doorstep","3B682"
5,"Unclassified","Unclassified","Delicious food","1E629"
4,"Positive","Overall","Nice","F6EC2"
1,"Negative","Platform(Logistics)","Delivery boy didnt come at doorstep","BE34B"
2,"Negative","Platform(App & System)","Complicated procedure","9C55A"
5,"Positive","Platform(Logistics)","Fast delivery","63BF7"
4,"Positive","Pricing","Cheap and best","E1397"
5,"Positive","Platform(App & System)","Will order again","A6710"
2,"Negative","Platform(Logistics)","Delivery boy didnt come at doorstep","211FE"
4,"Negative","Platform(App & System)","Complicated procedure","5FF69"
1,"Negative","Platform(App & System)","Coupon applied","18607"
1,"Negative","Merchant (Food Quality)","Food not good","E90CC"
2,"Negative","Pricing","High price","E206F"
2,"Negative","Platform(App & System)","Difficult to order","CF16E"
5,"Positive","Overall","Awesome experience","3AF1C"
5,"Positive","Overall","Good service","7811A"
2,"Negative","Pricing","High price","BF8AC"
1,"Negative","Merchant (Food Quality)","Stale food","552F2"
5,"Positive","Pricing","Worth","1B4CF"
4,"Positive","Overall","Awesome experience","07196"
2,"Negative","Platform(App & System)","Coupon applied","7F0D6"
5,"Positive","Overall","Awesome experience","37BE5"
5,"Positive","Platform(App & System)","Will order again","7D59B"
5,"Positive","Overall","Good service","38A27"
4,"Unclassified","Unclassified","Delicious food","BD148"
1,"Negative","Merchant (Food Quality)","Stale food","2314D"
2,"Negative","Merchant (Food Quality)","Food not good","3CDCF"
2,"Negative","Pricing","High price","B555D"
1,"Negative","Platform(Logistics)","Delivery boy didnt come at doorstep","D93CF"
2,"Negative","Platform(App & System)","Complicated procedure","A7F99"
4,"Positive","Overall","Nice","F71C3"
5,"Positive","Overall","Good service","3ECD9"
2,"Negative","Platform(Logistics)","Delivery boy didnt come at doorstep","B402A"
2,"Negative","Platform(App & System)","Coupon applied","8A477"
3,"Negative","Platform(Logistics)","Delivery boy didnt come at doorstep","BFA77"
2,"Negative","Platform(App & System)","Complicated procedure","6EEBE"
3,"Negative","Pricing","High price","89D36"
4,"Unclassified","Unclassified","Delicious food","8D665"
3,"Negative","Pricing","High price","20890"
5,"Positive","Platform(Logistics)","Fast delivery","4BFC3"
1,"Negative","Platform(Logistics)","Late delivery","E1C59"
3,"Negative","Platform(App & System)","Coupon applied","919B2"
2,"Negative","Merchant (Food Quality)","Food not good","270E8"
3,"Negative","Merchant (Food Quality)","Stale food","6AB65"
5,"Positive","Platform(App & System)","Easy to order","C9C89"
1,"Negative","Platform(App & System)","Difficult to order","FCD42"
2,"Negative","Platform(App & System)","Coupon applied","2ABF5"
5,"Positive","Pricing","Cheap and best","55E90"
5,"Positive","Overall","Awesome experience","63C55"
2,"Negative","Platform(App & System)","Coupon applied","5DC4D"
1,"Negative","Merchant (Food Quality)","Stale food","BEAC4"
4,"Positive","Overall","Awesome experience","99913"
1,"Negative","Platform(Logistics)","Late delivery","4D4FD"
2,"Negative","Platform(Logistics)","Late delivery","8BAE1"
1,"Negative","Platform(Logistics)","Delivery boy didnt come at doorstep","4467C"
2,"Negative","Platform(App & System)","Complicated procedure","16C1D"
5,"Positive","Platform(App & System)","Will order again","15860"
2,"Negative","Merchant (Food Quality)","Food not good","C6C89"
4,"Positive","Platform(App & System)","Easy to order","454BF"
5,"Positive","Platform(Logistics)","Fast delivery","356EC"
2,"Negative","Platform(App & System)","Complicated procedure","66AC5"
3,"Negative","Platform(App & System)","Complicated procedure","C94D6"
3,"Negative","Platform(App & System)","Complicated procedure","C0DE4"
3,"Negative","Platform(App & System)","Coupon applied","1D25C"
4,"Positive","Pricing","Worth","CA7F1"
2,"Negative","Merchant (Food Quality)","Food not good","F7BB4"
5,"Positive","Overall","Awesome experience","5ECB7"
4,"Positive","Platform(App & System)","Will order again","D0EF7"
2,"Negative","Platform(Logistics)","Delivery boy didnt come at doorstep","A18E7"
2,"Negative","Pricing","High price","70740"
3,"Negative","Platform(Logistics)","Delivery boy didnt come at doorstep","4CBBC"
2,"Negative","Platform(App & System)","Complicated procedure","AB59C"
2,"Negative","Platform(App & System)","Coupon applied","3592C"
3,"Negative","Merchant (Food Quality)","Stale food","89125"
1,"Negative","Platform(Logistics)","Delivery boy didnt come at doorstep","5C6CC"
2,"Negative","Merchant (Food Quality)","Stale food","39948"
5,"Positive","Platform(App & System)","Easy to order","3F01E"
4,"Negative","Pricing","High price","75506"
4,"Positive","Overall","Good service","C6D2F"
5,"Positive","Overall","Good service","A4192"
3,"Negative","Platform(App & System)","Complicated procedure","5596D"
3,"Negative","Merchant (Food Quality)","Food not good","7F284"
5,"Positive","Pricing","Worth","F83D9"
2,"Negative","Merchant (Food Quality)","Stale food","D3966"
2,"Negative","Platform(App & System)","Coupon applied","7B88B"
5,"Positive","Platform(App & System)","Easy to order","C40FE"
2,"Negative","Platform(App & System)","Difficult to order","48C58"
5,"Positive","Platform(App & System)","Easy to order","0761E"
5,"Positive","Platform(App & System)","Will order again","D18A0"
3,"Negative","Platform(App & System)","Difficult to order","25952"
2,"Negative","Platform(App & System)","Difficult to order","9020A"
3,"Negative","Merchant (Food Quality)","Stale food","A346D"
4,"Positive","Pricing","Worth","59B65"
5,"Positive","Platform(App & System)","Will order again","3E795"
1,"Negative","Pricing","High price","C9FC7"
1,"Negative","Platform(Logistics)","Delivery boy didnt come at doorstep","A2DD2"
1,"Negative","Pricing","High price","A59E7"
5,"Positive","Platform(Logistics)","Fast delivery","F1289"
5,"Positive","Platform(Logistics)","Fast delivery","2C280"
2,"Negative","Merchant (Food Quality)","Food not good","1A09D"
2,"Negative","Platform(App & System)","Complicated procedure","BF32E"
2,"Negative","Merchant (Food Quality)","Stale food","C40B0"
2,"Negative","Platform(App & System)","Complicated procedure","97CB4"
5,"Positive","Platform(Logistics)","Fast delivery","6BC51"
1,"Negative","Platform(Logistics)","Late delivery","D8129"
2,"Negative","Platform(App & System)","Difficult to order","2BAAA"
3,"Negative","Merchant (Food Quality)","Stale food","4D8C2"
2,"Negative","Merchant (Food Quality)","Stale food","AE715"
2,"Negative","Platform(Logistics)","Delivery boy didnt come at doorstep","9046D"
2,"Negative","Platform(App & System)","Difficult to order","2E02F"
5,"Positive","Pricing","Cheap and best","10CF4"
2,"Negative","Pricing","High price","0D6D0"
2,"Negative","Platform(App & System)","Coupon applied","8AFFE"
3,"Negative","Merchant (Food Quality)","Stale food","E6B3B"
2,"Negative","Platform(Logistics)","Late delivery","E4BD8"
2,"Negative","Merchant (Food Quality)","Food not good","1ABA2"
1,"Negative","Platform(App & System)","Difficult to order","576FE"
1,"Negative","Merchant (Food Quality)","Food not good","779B3"
2,"Negative","Pricing","High price","FB9FD"
2,"Negative","Merchant (Food Quality)","Food not good","BE611"
2,"Negative","Platform(App & System)","Complicated procedure","99A4A"
1,"Negative","Platform(Logistics)","Delivery boy didnt come at doorstep","1B4FC"
3,"Negative","Merchant (Food Quality)","Stale food","FB378"
2,"Negative","Platform(App & System)","Difficult to order","BF8FC"
5,"Positive","Platform(Logistics)","Fast delivery","0261E"
5,"Positive","Platform(Logistics)","Fast delivery","586B5"
3,"Negative","Platform(Logistics)","Late delivery","58176"
1,"Negative","Merchant (Food Quality)","Food not good","16256"
2,"Negative","Platform(App & System)","Coupon applied","D7F1D"
2,"Negative","Platform(App & System)","Difficult to order","9963C"
2,"Negative","Platform(App & System)","Coupon applied","B0BB4"
2,"Negative","Platform(App & System)","Coupon applied","5DEF3"
3,"Negative","Merchant (Food Quality)","Stale food","F3AB8"
5,"Positive","Overall","Good service","8CA4B"
2,"Negative","Platform(App & System)","Coupon applied","8B996"
4,"Positive","Platform(App & System)","Easy to order","1C6C0"
4,"Unclassified","Unclassified","Delicious food","273F1"
4,"Positive","Platform(App & System)","Will order again","E9861"
2,"Negative","Platform(App & System)","Complicated procedure","F3E98"
2,"Negative","Merchant (Food Quality)","Stale food","738A8"
2,"Negative","Merchant (Food Quality)","Stale food","29468"
1,"Negative","Pricing","High price","6C707"
3,"Negative","Pricing","High price","25811"
3,"Negative","Platform(App & System)","Coupon applied","F7197"
1,"Negative","Platform(Logistics)","Delivery boy didnt come at doorstep","9C803"
4,"Positive","Overall","Awesome experience","0B8CD"
5,"Positive","Platform(App & System)","Will order again","EB874"
2,"Negative","Platform(Logistics)","Delivery boy didnt come at doorstep","E5EAF"
1,"Negative","Pricing","High price","92B6C"
2,"Negative","Platform(App & System)","Difficult to order","ADA77"
2,"Negative","Merchant (Food Quality)","Food not good","88696"
5,"Positive","Overall","Awesome experience","4588F"
1,"Negative","Platform(Logistics)","Late delivery","7B517"
2,"Negative","Merchant (Food Quality)","Stale food","86A89"
5,"Positive","Overall","Good service","06AA0"
4,"Positive","Platform(App & System)","Will order again","90678"
3,"Negative","Platform(Logistics)","Late delivery","175F7"
5,"Positive","Overall","Awesome experience","DE532"
2,"Negative","Platform(App & System)","Coupon applied","A9019"
2,"Negative","Platform(App & System)","Complicated procedure","8E068"
4,"Unclassified","Unclassified","Delicious food","B5899"
2,"Negative","Pricing","High price","12750"
5,"Positive","Pricing","Worth","72DCF"
2,"Negative","Merchant (Food Quality)","Stale food","C4E7B"
3,"Negative","Merchant (Food Quality)","Stale food","92E9F"
3,"Negative","Platform(Logistics)","Late delivery","4D2E2"
2,"Negative","Merchant (Food Quality)","Stale food","8734D"
2,"Negative","Pricing","High price","41721"
3,"Negative","Platform(Logistics)","Delivery boy didnt come at doorstep","A6F9E"
5,"Unclassified","Unclassified","Delicious food","F882E"
1,"Negative","Platform(App & System)","Coupon applied","BE7BE"
2,"Negative","Platform(App & System)","Complicated procedure","C2C24"
3,"Negative","Platform(App & System)","Coupon applied","94700"
4,"Positive","Overall","Awesome experience","6F74E"
5,"Positive","Overall","Good service","F806F"
2,"Negative","Platform(App & System)","Difficult to order","BB026"
3,"Negative","Pricing","High price","A0196"
2,"Negative","Merchant (Food Quality)","Food not good","D6FAE"
3,"Negative","Platform(App & System)","Coupon applied","F245A"
3,"Negative","Merchant (Food Quality)","Stale food","F916D"
4,"Positive","Platform(App & System)","Will order again","54E70"
4,"Positive","Pricing","Cheap and best","DCE07"
2,"Negative","Pricing","High price","722B5"
4,"Positive","Pricing","Cheap and best","EBD1C"
1,"Negative","Platform(Logistics)","Delivery boy didnt come at doorstep","93504"
4,"Unclassified","Unclassified","Delicious food","0D3C4"
2,"Negative","Platform(Logistics)","Delivery boy didnt come at doorstep","D4C5A"
4,"Positive","Overall","Awesome experience","E8DFB"
2,"Negative","Platform(Logistics)","Late delivery","5F8A3"
3,"Negative","Platform(App & System)","Coupon applied","A86F7"
5,"Positive","Overall","Good service","EA393"
2,"Negative","Pricing","High price","882F8"
3,"Negative","Platform(App & System)","Difficult to order","BFE69"
2,"Negative","Merchant (Food Quality)","Stale food","472E1"
4,"Unclassified","Unclassified","Delicious food","76643"
5,"Positive","Overall","Nice","81399"
3,"Negative","Platform(Logistics)","Late delivery","3C03C"
2,"Negative","Merchant (Food Quality)","Food not good","7AE26"
1,"Negative","Platform(App & System)","Difficult to order","B86AC"
1,"Negative","Platform(App & System)","Coupon applied","A37EA"
2,"Negative","Pricing","High price","8D86C"
2,"Negative","Platform(Logistics)","Delivery boy didnt come at doorstep","E896F"
3,"Negative","Merchant (Food Quality)","Stale food","EB86A"
5,"Positive","Platform(App & System)","Easy to order","4E262"
3,"Negative","Merchant (Food Quality)","Stale food","7678D"
1,"Negative","Platform(Logistics)","Late delivery","CAF49"
5,"Positive","Pricing","Cheap and best","4A687"
4,"Positive","Platform(Logistics)","Fast delivery","1AD7D"
5,"Unclassified","Unclassified","Delicious food","422BE"
4,"Positive","Pricing","Cheap and best","DBDF2"
4,"Positive","Platform(App & System)","Easy to order","5D881"
1,"Negative","Platform(App & System)","Difficult to order","F66CE"
2,"Negative","Platform(Logistics)","Late delivery","AA2F1"
1,"Negative","Platform(App & System)","Coupon applied","103BF"
2,"Negative","Platform(Logistics)","Delivery boy didnt come at doorstep","67DE8"
4,"Positive","Pricing","Cheap and best","20CE2"
4,"Positive","Pricing","Cheap and best","87620"
2,"Negative","Pricing","High price","1B667"
1,"Negative","Platform(App & System)","Complicated procedure","B3BBA"
1,"Negative","Platform(App & System)","Complicated procedure","9C252"
2,"Negative","Pricing","High price","2FEDF"
2,"Negative","Merchant (Food Quality)","Stale food","EE92D"
2,"Negative","Platform(Logistics)","Late delivery","244DF"
2,"Negative","Platform(App & System)","Difficult to order","23536"
4,"Positive","Platform(App & System)","Easy to order","EEA0E"
4,"Positive","Platform(App & System)","Easy to order","8C633"
3,"Negative","Merchant (Food Quality)","Stale food","D2C91"
1,"Negative","Platform(App & System)","Complicated procedure","D254B"
1,"Negative","Platform(App & System)","Complicated procedure","BA982"
4,"Unclassified","Unclassified","Delicious food","DD824"
4,"Positive","Pricing","Cheap and best","E3D20"
4,"Positive","Platform(App & System)","Easy to order","53FBC"
4,"Positive","Pricing","Cheap and best","53791"
3,"Negative","Platform(Logistics)","Delivery boy didnt come at doorstep","CD20B"
3,"Negative","Platform(Logistics)","Delivery boy didnt come at doorstep","54EEA"
1,"Negative","Merchant (Food Quality)","Food not good","3203C"
4,"Positive","Overall","Good service","CC2D1"
2,"Negative","Platform(App & System)","Difficult to order","25AE9"
4,"Positive","Overall","Awesome experience","4382E"
3,"Negative","Platform(Logistics)","Delivery boy didnt come at doorstep","3FD3F"
2,"Negative","Pricing","High price","7752F"
2,"Negative","Merchant (Food Quality)","Food not good","D53D6"
5,"Positive","Platform(App & System)","Easy to order","3A3E8"
1,"Negative","Platform(App & System)","Complicated procedure","D6DB9"
5,"Positive","Pricing","Worth","99421"
3,"Negative","Pricing","High price","D673F"
5,"Negative","Platform(App & System)","Complicated procedure","3ED9E"
5,"Negative","Merchant (Food Quality)","Stale food","17AB1"
3,"Negative","Platform(App & System)","Difficult to order","B976D"
2,"Negative","Merchant (Food Quality)","Food not good","D06D6"
4,"Positive","Platform(App & System)","Will order again","E2DA3"
4,"Unclassified","Unclassified","Delicious food","9DACD"
5,"Positive","Pricing","Cheap and best","C9639"
2,"Negative","Platform(App & System)","Complicated procedure","3F996"
5,"Positive","Overall","Awesome experience","A4A45"
1,"Negative","Platform(App & System)","Coupon applied","5B9E2"
4,"Negative","Merchant (Food Quality)","Stale food","525BB"
5,"Unclassified","Unclassified","Delicious food","2890D"
5,"Positive","Overall","Good service","D0A15"
4,"Positive","Platform(App & System)","Will order again","EF3DC"
3,"Negative","Platform(App & System)","Difficult to order","FB53F"
1,"Negative","Platform(App & System)","Complicated procedure","6721D"
4,"Unclassified","Unclassified","Delicious food","0145A"
3,"Negative","Merchant (Food Quality)","Food not good","91B6E"
2,"Negative","Merchant (Food Quality)","Food not good","3299A"
3,"Negative","Platform(App & System)","Coupon applied","D30C1"
3,"Negative","Merchant (Food Quality)","Stale food","1F24C"
3,"Negative","Platform(App & System)","Complicated procedure","0BE95"
1,"Negative","Merchant (Food Quality)","Stale food","0A78F"
2,"Negative","Platform(App & System)","Coupon applied","03B76"
1,"Negative","Merchant (Food Quality)","Food not good","207C6"
4,"Unclassified","Unclassified","Delicious food","11565"
1,"Negative","Merchant (Food Quality)","Food not good","73960"
2,"Negative","Platform(Logistics)","Delivery boy didnt come at doorstep","935C6"
1,"Negative","Platform(Logistics)","Delivery boy didnt come at doorstep","88D3E"
1,"Negative","Platform(App & System)","Complicated procedure","E8805"
1,"Negative","Platform(App & System)","Difficult to order","B7B37"
1,"Negative","Platform(App & System)","Coupon applied","A1ED7"
3,"Negative","Platform(Logistics)","Delivery boy didnt come at doorstep","098AC"
2,"Negative","Platform(App & System)","Coupon applied","369D8"
3,"Negative","Platform(Logistics)","Late delivery","DE902"
5,"Unclassified","Unclassified","Delicious food","90F2F"
2,"Negative","Platform(App & System)","Difficult to order","4B238"
2,"Negative","Merchant (Food Quality)","Stale food","CD965"
1,"Negative","Merchant (Food Quality)","Stale food","D96CD"
1,"Negative","Pricing","High price","22EA0"
2,"Negative","Merchant (Food Quality)","Food not good","8C9B9"
2,"Negative","Platform(App & System)","Complicated procedure","D6739"
5,"Positive","Overall","Nice","D16DE"
2,"Negative","Platform(App & System)","Difficult to order","DB50A"
4,"Positive","Pricing","Worth","7E0B2"
1,"Negative","Platform(App & System)","Complicated procedure","CD117"
3,"Negative","Merchant (Food Quality)","Stale food","E7033"
4,"Positive","Platform(App & System)","Easy to order","F7F2D"
4,"Positive","Overall","Good service","1345F"
2,"Negative","Merchant (Food Quality)","Food not good","7459A"
3,"Negative","Pricing","High price","DED6D"
4,"Positive","Platform(Logistics)","Fast delivery","683F8"
3,"Negative","Platform(App & System)","Difficult to order","C27D3"
5,"Positive","Pricing","Cheap and best","D8629"
4,"Positive","Overall","Good service","D7AF9"
1,"Negative","Platform(Logistics)","Late delivery","816F8"
2,"Negative","Pricing","High price","466AB"
2,"Negative","Platform(Logistics)","Delivery boy didnt come at doorstep","D25FC"
5,"Positive","Overall","Good service","3CFD9"
2,"Negative","Merchant (Food Quality)","Stale food","CADE5"
3,"Negative","Platform(App & System)","Complicated procedure","2656C"
3,"Negative","Platform(App & System)","Complicated procedure","26E20"
1,"Negative","Platform(App & System)","Difficult to order","9C748"
2,"Negative","Merchant (Food Quality)","Stale food","E1FC1"
1,"Negative","Platform(App & System)","Difficult to order","CE442"
3,"Negative","Platform(App & System)","Coupon applied","B4396"
5,"Positive","Pricing","Worth","9D255"
2,"Negative","Platform(Logistics)","Delivery boy didnt come at doorstep","020D8"
5,"Positive","Overall","Nice","79FC4"
4,"Unclassified","Unclassified","Delicious food","D7CD6"
2,"Negative","Platform(Logistics)","Late delivery","EB8A8"
2,"Negative","Platform(Logistics)","Late delivery","C86DA"
5,"Positive","Pricing","Worth","D88D6"
2,"Negative","Pricing","High price","682B9"
3,"Negative","Merchant (Food Quality)","Stale food","598CC"
3,"Negative","Merchant (Food Quality)","Stale food","F2BEB"
4,"Positive","Platform(App & System)","Will order again","64C23"
4,"Positive","Platform(App & System)","Will order again","D4346"
4,"Positive","Overall","Awesome experience","297F1"
3,"Negative","Platform(Logistics)","Late delivery","4AC67"
3,"Negative","Platform(Logistics)","Late delivery","11264"
5,"Positive","Overall","Good service","DD76E"
5,"Positive","Overall","Awesome experience","0CEE0"
4,"Negative","Platform(App & System)","Complicated procedure","F325D"
5,"Negative","Pricing","High price","AC3BC"
4,"Positive","Platform(Logistics)","Fast delivery","4DBCB"
5,"Positive","Pricing","Cheap and best","DFBF1"
3,"Negative","Pricing","High price","02BA2"
3,"Negative","Merchant (Food Quality)","Stale food","5A4C4"
2,"Negative","Platform(App & System)","Difficult to order","B1A6B"
5,"Positive","Overall","Awesome experience","E3B16"
2,"Negative","Platform(App & System)","Difficult to order","8E924"
1,"Negative","Platform(Logistics)","Delivery boy didnt come at doorstep","414EF"
2,"Negative","Pricing","High price","F6EDE"
2,"Negative","Platform(Logistics)","Late delivery","C4A55"
5,"Positive","Overall","Nice","F3DB0"
2,"Negative","Platform(App & System)","Difficult to order","15C86"
5,"Positive","Overall","Awesome experience","850DB"
3,"Negative","Merchant (Food Quality)","Stale food","2833C"
5,"Positive","Overall","Awesome experience","DFC9F"
2,"Negative","Platform(Logistics)","Late delivery","2DC5A"
1,"Negative","Platform(Logistics)","Late delivery","84B3B"
3,"Negative","Platform(App & System)","Difficult to order","E59B1"
3,"Negative","Platform(Logistics)","Late delivery","432D8"
4,"Positive","Pricing","Worth","75CE1"
2,"Negative","Platform(App & System)","Difficult to order","DFC9D"
3,"Negative","Platform(Logistics)","Late delivery","8D58A"
3,"Negative","Merchant (Food Quality)","Stale food","05AF1"
2,"Negative","Platform(Logistics)","Late delivery","71B33"
3,"Negative","Platform(Logistics)","Late delivery","6E8E1"
5,"Negative","Platform(App & System)","Complicated procedure","23D6A"
4,"Positive","Platform(App & System)","Will order again","CA70A"
4,"Positive","Platform(App & System)","Will order again","4104D"
5,"Positive","Overall","Awesome experience","16AFD"
4,"Positive","Platform(App & System)","Will order again","DCFB1"
5,"Positive","Overall","Awesome experience","1E57D"
4,"Positive","Overall","Awesome experience","45777"
5,"Positive","Overall","Awesome experience","D6664"
5,"Positive","Overall","Nice","13AAB"
4,"Positive","Overall","Nice","AA1AF"
2,"Negative","Merchant (Food Quality)","Food not good","65939"
2,"Negative","Merchant (Food Quality)","Stale food","09E87"
5,"Positive","Platform(Logistics)","Fast delivery","D86F5"
2,"Negative","Platform(Logistics)","Late delivery","3C96F"
5,"Positive","Pricing","Worth","EC498"
4,"Positive","Platform(Logistics)","Fast delivery","5A973"
5,"Positive","Platform(Logistics)","Fast delivery","4ADB0"
4,"Positive","Platform(Logistics)","Fast delivery","63AD3"
2,"Negative","Merchant (Food Quality)","Stale food","E9426"
3,"Negative","Merchant (Food Quality)","Stale food","BC0D5"
4,"Positive","Platform(App & System)","Easy to order","82811"
4,"Positive","Platform(Logistics)","Fast delivery","DE4CF"
2,"Negative","Pricing","High price","38296"
4,"Positive","Overall","Good service","BE25B"
5,"Positive","Platform(Logistics)","Fast delivery","DE963"
1,"Negative","Platform(App & System)","Coupon applied","921AE"
2,"Negative","Platform(Logistics)","Late delivery","38987"
2,"Negative","Merchant (Food Quality)","Stale food","8B756"
5,"Positive","Platform(App & System)","Easy to order","5BA29"
1,"Negative","Platform(App & System)","Coupon applied","A1BD6"
1,"Negative","Merchant (Food Quality)","Food not good","053A2"
5,"Positive","Overall","Good service","D5D5E"
3,"Negative","Platform(App & System)","Difficult to order","274DC"
5,"Positive","Pricing","Worth","E8A56"
1,"Negative","Merchant (Food Quality)","Stale food","DCAD3"
1,"Negative","Merchant (Food Quality)","Stale food","2D7BF"
4,"Unclassified","Unclassified","Delicious food","037D7"
5,"Positive","Overall","Awesome experience","28853"
4,"Unclassified","Unclassified","Delicious food","E0DD8"
4,"Unclassified","Unclassified","Delicious food","ECD5D"
2,"Negative","Platform(Logistics)","Late delivery","90C82"
4,"Unclassified","Unclassified","Delicious food","BC196"
1,"Negative","Platform(App & System)","Complicated procedure","D4A8A"
4,"Negative","Merchant (Food Quality)","Stale food","70925"
1,"Negative","Platform(Logistics)","Delivery boy didnt come at doorstep","53D7A"
3,"Negative","Platform(App & System)","Coupon applied","50F0C"
2,"Negative","Platform(Logistics)","Late delivery","D774A"
5,"Positive","Overall","Good service","28599"
2,"Negative","Merchant (Food Quality)","Stale food","B22DA"
4,"Positive","Platform(Logistics)","Fast delivery","3D5A8"
3,"Negative","Platform(App & System)","Difficult to order","E47C6"
5,"Positive","Overall","Awesome experience","11993"
4,"Positive","Platform(App & System)","Easy to order","2EA3D"
4,"Positive","Platform(App & System)","Will order again","0CAED"
2,"Negative","Platform(Logistics)","Delivery boy didnt come at doorstep","32E04"
2,"Negative","Platform(App & System)","Complicated procedure","36230"
4,"Unclassified","Unclassified","Delicious food","CC5AF"
3,"Negative","Platform(App & System)","Coupon applied","89275"
2,"Negative","Platform(App & System)","Difficult to order","6603F"
5,"Positive","Pricing","Cheap and best","BD78E"
2,"Negative","Platform(App & System)","Coupon applied","0369F"
4,"Positive","Platform(App & System)","Easy to order","9B428"
2,"Negative","Merchant (Food Quality)","Food not good","E53B0"
5,"Positive","Overall","Good service","DDB91"
2,"Negative","Merchant (Food Quality)","Stale food","082A9"
2,"Negative","Platform(App & System)","Coupon applied","1AB1E"
2,"Negative","Platform(Logistics)","Delivery boy didnt come at doorstep","155EF"
2,"Negative","Platform(Logistics)","Late delivery","BD778"
1,"Negative","Platform(Logistics)","Late delivery","F377C"
2,"Negative","Platform(App & System)","Difficult to order","91E38"
4,"Positive","Overall","Good service","311E0"
4,"Positive","Platform(App & System)","Will order again","B55EC"
5,"Unclassified","Unclassified","Delicious food","360C6"
2,"Negative","Platform(Logistics)","Late delivery","EF1DC"
5,"Positive","Pricing","Worth","3A5F3"
3,"Negative","Platform(Logistics)","Late delivery","F82D2"
3,"Negative","Platform(App & System)","Complicated procedure","9DA59"
2,"Negative","Platform(App & System)","Difficult to order","91BD6"
1,"Negative","Pricing","High price","3CB0E"
2,"Negative","Merchant (Food Quality)","Food not good","5DFF6"
4,"Positive","Overall","Awesome experience","D329B"
4,"Positive","Overall","Good service","7A84E"
3,"Negative","Pricing","High price","AB083"
2,"Negative","Pricing","High price","1E5E6"
1,"Negative","Pricing","High price","DB005"
2,"Negative","Merchant (Food Quality)","Stale food","C79D5"
5,"Positive","Overall","Awesome experience","BE2C5"
2,"Negative","Platform(App & System)","Coupon applied","254D6"
3,"Negative","Platform(App & System)","Difficult to order","D68C2"
4,"Positive","Platform(App & System)","Easy to order","64B30"
4,"Unclassified","Unclassified","Delicious food","B1214"
2,"Negative","Platform(App & System)","Complicated procedure","3F8DC"
4,"Positive","Platform(Logistics)","Fast delivery","3612A"
5,"Negative","Merchant (Food Quality)","Stale food","1F376"
3,"Negative","Merchant (Food Quality)","Stale food","C23A4"
1,"Negative","Platform(App & System)","Coupon applied","CE2AA"
2,"Negative","Merchant (Food Quality)","Food not good","CFF17"
1,"Negative","Platform(App & System)","Difficult to order","DAD77"
5,"Positive","Overall","Awesome experience","BF788"
2,"Negative","Platform(App & System)","Coupon applied","EBFEA"
1,"Negative","Pricing","High price","3AA54"
3,"Negative","Pricing","High price","E2836"
3,"Negative","Merchant (Food Quality)","Food not good","5F367"
2,"Negative","Platform(Logistics)","Delivery boy didnt come at doorstep","6C30E"
5,"Positive","Platform(Logistics)","Fast delivery","11705"
1,"Negative","Pricing","High price","197E6"
4,"Positive","Platform(App & System)","Will order again","04397"
2,"Negative","Platform(App & System)","Difficult to order","48A54"
2,"Negative","Pricing","High price","51688"
2,"Negative","Merchant (Food Quality)","Food not good","77B0F"
5,"Positive","Overall","Awesome experience","7B323"
3,"Negative","Platform(App & System)","Complicated procedure","75B47"
2,"Negative","Merchant (Food Quality)","Stale food","DE661"
1,"Negative","Pricing","High price","EDA72"
1,"Negative","Platform(App & System)","Difficult to order","11036"
2,"Negative","Merchant (Food Quality)","Stale food","DA300"
2,"Negative","Pricing","High price","61ABE"
1,"Negative","Pricing","High price","F1489"
5,"Positive","Overall","Awesome experience","25FB0"
3,"Negative","Platform(App & System)","Coupon applied","662B4"
3,"Negative","Platform(App & System)","Coupon applied","97AA0"
2,"Negative","Platform(App & System)","Coupon applied","6D884"
4,"Positive","Pricing","Cheap and best","7C167"
2,"Negative","Platform(Logistics)","Delivery boy didnt come at doorstep","8356E"
2,"Negative","Platform(Logistics)","Delivery boy didnt come at doorstep","2DB35"
2,"Negative","Platform(App & System)","Difficult to order","E0531"
4,"Positive","Overall","Good service","6B55A"
5,"Positive","Overall","Awesome experience","0E3B9"
4,"Positive","Platform(Logistics)","Fast delivery","89C8F"
2,"Negative","Merchant (Food Quality)","Stale food","585DB"
4,"Positive","Pricing","Cheap and best","53501"
2,"Negative","Platform(App & System)","Complicated procedure","D610E"
5,"Positive","Platform(App & System)","Will order again","6FD24"
2,"Negative","Platform(Logistics)","Delivery boy didnt come at doorstep","EEF59"
4,"Unclassified","Unclassified","Delicious food","54E60"
4,"Positive","Overall","Good service","637E6"
2,"Negative","Platform(Logistics)","Delivery boy didnt come at doorstep","55519"
5,"Positive","Overall","Nice","D67BC"
5,"Positive","Platform(Logistics)","Fast delivery","2EABC"
3,"Negative","Pricing","High price","28760"
1,"Negative","Platform(App & System)","Complicated procedure","7A59F"
2,"Negative","Platform(Logistics)","Delivery boy didnt come at doorstep","D93D2"
5,"Positive","Overall","Awesome experience","3434F"
2,"Negative","Platform(Logistics)","Late delivery","EA21B"
5,"Positive","Overall","Nice","92ED2"
3,"Negative","Platform(Logistics)","Delivery boy didnt come at doorstep","1791F"
2,"Negative","Merchant (Food Quality)","Stale food","F848E"
3,"Negative","Merchant (Food Quality)","Stale food","101FD"
5,"Positive","Platform(Logistics)","Fast delivery","5AAA1"
2,"Negative","Pricing","High price","DE6A4"
2,"Negative","Platform(App & System)","Difficult to order","628F6"
3,"Negative","Platform(Logistics)","Late delivery","5603B"
4,"Positive","Overall","Nice","A6A22"
5,"Unclassified","Unclassified","Delicious food","618AD"
3,"Negative","Platform(Logistics)","Delivery boy didnt come at doorstep","B3293"
3,"Negative","Platform(App & System)","Difficult to order","794D0"
3,"Negative","Merchant (Food Quality)","Food not good","CA587"
3,"Negative","Merchant (Food Quality)","Food not good","BF77E"
2,"Negative","Merchant (Food Quality)","Stale food","22216"
2,"Negative","Platform(Logistics)","Delivery boy didnt come at doorstep","1183A"
1,"Negative","Pricing","High price","7F78A"
1,"Negative","Platform(Logistics)","Delivery boy didnt come at doorstep","657A2"
2,"Negative","Platform(Logistics)","Delivery boy didnt come at doorstep","80EF6"
4,"Positive","Pricing","Cheap and best","E2229"
3,"Negative","Merchant (Food Quality)","Stale food","F12C8"
4,"Positive","Platform(App & System)","Will order again","B7FF4"
2,"Negative","Pricing","High price","35DFA"
